—ÚÓÎ·Âˆ1;—ÚÓÎ·Âˆ2
110;say
102;spd
65;member
65;vote
55;party
55;want
53;new
53;afd
51;coalition
51;group
48;clan
44;years
41;percent
41;federal
38;state
37;police
36;grand
35;government
33;union
32;woman
31;berlin
31;politician
30;attack
30;sobchak
29;make
28;election
27;minister
26;germany
26;criminal
25;cdu
25;people
24;accord
23;german
23;change
22;announce
22;time
22;right
22;decision
21;leader
21;just
21;√∂zdemir
20;majority
20;scholz
20;march
20;doe
20;political
20;defendant
19;merkel
19;result
19;family
18;clear
18;national
18;report
18;know
18;city
18;office
18;sentence
18;freital
17;chairman
17;foundation
17;court
17;left
16;chancellor
16;bundestag
16;video
16;ministry
15;parliamentary
15;steinbach
15;broadcasting
15;home
15;prison
15;man
15;putin
14;csu
14;decide
14;opponent
14;anthem
14;sunday
14;write
14;headscarf
14;right-wing
14;good
14;refugee
14;prosecutor
14;legal
14;security
14;zhirinovsky
13;agreement
13;days
13;groko
13;debate
13;way
13;public
13;recently
13;dresden
13;crime
13;green
13;poggenburg
12;participation
12;angela
12;large
12;great
12;base
12;come
12;astori
12;social
12;push
12;game
12;twitter
12;use
12;policy
12;greens
12;swiss
12;service
12;protection
12;society
12;russia
11;work
11;country
11;question
11;eu
11;foreign
11;spokesman
11;fee
11;place
11;case
11;internal
11;old
11;italy
11;school
11;market
11;ukraine
10;long
10;yes
10;water
10;board
10;week
10;representative
10;club
10;play
10;syria
10;opportunity
10;event
10;referendum
10;receive
10;fail
10;terrorist
10;total
10;demand
10;point
10;goal
10;pour
9;half
9;proposal
9;renewal
9;apparently
9;finally
9;interview
9;young
9;private
9;justice
9;captain
9;italian
9;situation
9;syrian
9;reject
9;men
9;president
9;close
9;wednesday
9;hold
9;abolition
9;explosive
9;trial
9;attempt
9;accused
9;high
9;membership
9;act
9;speak
9;need
9;ask
9;answer
9;kostic
9;minute
9;ball
9;world
9;rule
9;position
8;nietan
8;clarity
8;far
8;february
8;cast
8;end
8;today
8;discussion
8;add
8;association
8;day
8;letter
8;dead
8;davide
8;sartor
8;longer
8;fell
8;medium
8;ago
8;contribution
8;future
8;problem
8;course
8;candidate
8;possible
8;car
8;fear
8;interior
8;shot
8;increase
8;voter
8;girl
8;victim
8;scene
8;kandel
8;moscow
8;attacker
7;66.02
7;negotiate
7;head
7;currently
7;leadership
7;treasurer
7;responsible
7;count
7;follow
7;continue
7;process
7;lead
7;regional
7;month
7;colleague
7;warn
7;fiorentina
7;statement
7;league
7;later
7;deputy
7;meet
7;hard
7;erasmus
7;opinion
7;citizen
7;addition
7;line
7;hand
7;second
7;council
7;create
7;express
7;led
7;force
7;lawyer
7;begin
7;responsibility
7;think
7;tough
7;iwobi
7;immigration
7;try
7;officer
7;minutes
7;look
7;means
7;pressure
7;money
7;consistent
7;jendro
7;saxony-anhalt
7;official
7;fortuna
7;fischer
7;duma
7;gazprom
7;ksenia
6;support
6;dietmar
6;olaf
6;post
6;hamburg
6;14
6;edition
6;campaign
6;78.39
6;k√ºhnert
6;disappoint
6;important
6;start
6;read
6;civey
6;focus
6;approach
6;essen
6;j√∂rg
6;let
6;hear
6;fact
6;foreigner
6;especially
6;seven
6;commissioner
6;heart
6;florence
6;asylum
6;monday
6;life
6;capital
6;impose
6;expert
6;strategy
6;elect
6;desiderius
6;favor
6;information
6;exit
6;steinmeier
6;equal
6;son
6;extremist
6;higher
6;defense
6;injure
6;general
6;comment
6;ban
6;administrative
6;allow
6;constitutional
6;street
6;control
6;agree
6;chief
6;‚òÖ
6;speech
6;replace
6;tax
6;rape
6;arab
6;drug
6;survey
6;structure
6;parallel
6;appear
6;die
6;vladimir
6;gorbachev
5;consider
5;2
5;upcoming
5;lower
5;spoke
5;grow
5;kevin
5;volunteer
5;online
5;partner
5;development
5;zdf
5;31
5;talk
5;stand
5;migrant
5;needy
5;child
5;throw
5;initiative
5;allegation
5;freedom
5;hoffmann
5;text
5;hotel
5;room
5;daughter
5;sit
5;instead
5;visit
5;actually
5;meeting
5;damascus
5;black
5;trade
5;66
5;forward
5;coup
5;headquarters
5;observer
5;billag
5;broadcaster
5;year
5;srg
5;international
5;murder
5;s.
5;verdict
5;join
5;view
5;organization
5;involve
5;plan
5;deny
5;courtroom
5;augsburg
5;supporter
5;judge
5;appeal
5;note
5;personal
5;apply
5;cross
5;bad
5;racist
5;clearly
5;early
5;critic
5;expect
5;constitution
5;individual
5;rose-m√∂hring
5;authorities
5;m√ºller
5;bring
5;penalty
5;area
5;habeck
5;better
5;page
5;range
5;feel
5;participant
5;difficult
5;andrea
5;nahles
5;happen
5;recent
5;really
5;organize
5;particular
5;stephan
5;law
5;develop
5;measure
5;business
5;st.
5;pauli
5;journalist
5;nationalism
5;brexit
5;missile
5;russian
5;mikhail
5;presidential
5;earlier
5;palace
5;channel
4;enter
4;male
4;schedule
4;opposition
4;20
4;valid
4;fast
4;terms
4;explain
4;simply
4;negotiation
4;reader
4;distribute
4;power
4;issue
4;mother
4;times
4;ac
4;milan
4;train
4;hardly
4;origin
4;seeker
4;picture
4;saxony
4;war
4;complain
4;hit
4;population
4;domestic
4;michael
4;different
4;le
4;return
4;press
4;populist
4;center
4;euro
4;looking
4;democracy
4;europe
4;deal
4;person
4;january
4;previously
4;switzerland
4;radio
4;beat
4;1
4;8
4;affairs
4;sonntag
4;kristin
4;gender-neutral
4;language
4;true
4;shelter
4;exactly
4;timo
4;39
4;custody
4;senate
4;alternative
4;housing
4;project
4;illegal
4;xenophobic
4;climate
4;accept
4;death
4;action
4;mdr
4;secret
4;bavarian
4;judges
4;vgh
4;nationwide
4;clerkship
4;trainee
4;plaintiff
4;intervention
4;basis
4;reason
4;hater
4;cem
4;impression
4;newspaper
4;plead
4;matteo
4;lega
4;25
4;industrial
4;advocate
4;racism
4;lischka
4;influence
4;radical
4;red
4;quote
4;mainz
4;win
4;account
4;referee
4;thing
4;4
4;like
4;little
4;help
4;prove
4;threaten
4;job
4;machine
4;pay
4;democratic
4;probably
4;designate
4;criticism
4;building
4;waren
4;investigation
4;ard
4;night
4;mayer
4;assets
4;strong
4;cycle
4;benjamin
4;scream
4;entry
4;arrest
4;approval
4;usami
4;cause
4;congratulate
4;petrovsky
4;birthday
4;alan
4;dzutsev
4;alexei
4;shaposhnikov
4;ukrainian
4;oak
4;hill
4;lsd-51
4;crimea
4;underwater
4;telegram
3;inform
3;occupation
3;send
3;female
3;mayor
3;finance
3;final
3;phase
3;78
3;excite
3;strength
3;juso
3;tweet
3;include
3;22
3;exact
3;house
3;thank
3;program
3;european
3;form
3;soon
3;buffon
3;dedicate
3;choose
3;suppose
3;democrat
3;assume
3;reality
3;food
3;respect
3;waiting
3;61
3;easy
3;away
3;von
3;udine
3;cancel
3;serie
3;extend
3;leaf
3;jean
3;safe
3;publish
3;photo
3;believe
3;unfortunately
3;sanction
3;experience
3;trip
3;assad
3;tell
3;bomb
3;gas
3;welcome
3;friend
3;conference
3;voting
3;formation
3;challenge
3;rotterdam
3;education
3;provide
3;claim
3;direct
3;compete
3;alexander
3;gauland
3;request
3;18
3;leave
3;76
3;history
3;period
3;arise
3;special
3;polls
3;company
3;television
3;role
3;age
3;numerous
3;level
3;occasion
3;bild
3;employee
3;refer
3;canada
3;aid
3;sentiment
3;patrick
3;f.
3;respectively
3;justin
3;convict
3;27
3;40
3;spring
3;juvenile
3;seriously
3;pyrotechnics
3;admit
3;research
3;blow
3;target
3;munich
3;judgment
3;hope
3;muslim
3;bench
3;bavaria
3;judiciary
3;activity
3;district
3;stress
3;correspond
3;twice
3;matter
3;inevitably
3;policeman
3;dramatically
3;cynic
3;happy
3;edmund
3;stoiber
3;beckstein
3;behavior
3;local
3;dispute
3;turkish
3;salvini
3;paris
3;facebook
3;tuesday
3;argue
3;promote
3;spread
3;source
3;active
3;northern
3;austria
3;burkhard
3;observation
3;fight
3;patriot
3;understanding
3;understand
3;concrete
3;homeland
3;courageous
3;horst
3;seehofer
3;passage
3;prime
3;hsv
3;prevent
3;record
3;row
3;goalkeeper
3;deflect
3;slightly
3;jens
3;bitter
3;despite
3;number
3;meter
3;miss
3;run
3;boss
3;offer
3;robert
3;passion
3;small
3;failure
3;faction
3;value
3;struggle
3;idea
3;bigger
3;mean
3;success
3;book
3;lost
3;travel
3;driver
3;services
3;threat
3;participate
3;secretary
3;lars
3;klingbeil
3;deliberately
3;april
3;traffic
3;health
3;julia
3;station
3;article
3;unrestrained
3;hour
3;shock
3;suggest
3;indictment
3;phone
3;economic
3;poor
3;repeatedly
3;open
3;pimp
3;significantly
3;respondent
3;smash
3;politics
3;vice
3;isolation
3;destroy
3;undermine
3;living
3;instrument
3;gain
3;welt
3;dominate
3;light
3;machination
3;wendt
3;perfect
3;helbra
3;youth
3;father
3;calling
3;message
3;manifesto
3;ash
3;ndr
3;controversial
3;resign
3;confidence
3;confirm
3;license
3;harbarth
3;occupy
3;contrast
3;cemetery
3;gie√üelmann
3;speed
3;free
3;advertising
3;nazi
3;british
3;depth
3;access
3;banks
3;slutsky
3;nuclear
3;weapon
3;assistant
3;detain
3;douse
3;schizophrenia
3;klimkin
3;peninsula
3;incident
3;liquid
3;shout
2;coming
2;officiate
2;interim
2;ceo
2;disappointment
2;reaction
2;click
2;willy
2;brandt
2;commitment
2;announcement
2;institute
2;cooperate
2;various
2;dpa
2;crisis
2;‚Ä†
2;gianluigi
2;late
2;minority
2;completely
2;dear
2;greater
2;customer
2;table
2;works
2;ensure
2;benefit
2;description
2;unity
2;song
2;august
2;officially
2;division
2;news
2;agency
2;31-year-old
2;sudden
2;illness
2;udinese
2;deeply
2;terrible
2;clock
2;afternoon
2;evening
2;contract
2;defender
2;cagliari
2;roma
2;wife
2;bars
2;wear
2;imaginable
2;mecca
2;berlin-neuk√∂lln
2;bashar
2;al-assad
2;delegation
2;christian
2;blex
2;everyday
2;so-called
2;rebel
2;west
2;devices
2;certain
2;disgust
2;human
2;camera
2;western
2;tourist
2;aleppo
2;willy-brandt-haus
2;erika
2;peter
2;avoid
2;committee
2;potential
2;attractive
2;task
2;patron
2;saint
2;independent
2;commit
2;liberal
2;gustav
2;stresemann
2;belong
2;conservative
2;two-thirds
2;comrade
2;frank-walter
2;trend
2;calculation
2;no-billag
2;stations
2;financing
2;reduce
2;franc
2;fatherland
2;brotherly
2;newsletter
2;spd-led
2;love
2;command
2;explosion
2;ring
2;testify
2;extensively
2;29-year-old
2;maria
2;k.
2;aged
2;30
2;november
2;punishment
2;imprisonment
2;like-minded
2;summer
2;kill
2;stone
2;humans
2;suspect
2;npd
2;dirk
2;chat
2;offense
2;lift
2;faith
2;neutrality
2;appearance
2;perceive
2;subject
2;specific
2;neum√ºller
2;criticize
2;department
2;complete
2;crucifix
2;hang
2;emphasize
2;tiesel
2;training
2;big
2;wall
2;personnel
2;neglect
2;loss
2;wish
2;burn
2;disrespectful
2;depend
2;brussels
2;financial
2;movement
2;austerity
2;nigeria
2;africa
2;born
2;border
2;poverty
2;refuse
2;editorial
2;basic
2;order
2;saying
2;embarrass
2;regain
2;leather
2;pants
2;immediately
2;stay
2;heat
2;2nd
2;relegation
2;0
2;bundesliga
2;team
2;superior
2;jung
2;jatta
2;bar
2;24
2;cheer
2;markus
2;schmidt
2;check
2;62
2;miserably
2;sport
2;worse
2;striker
2;schipplock
2;yellow-red
2;balogun
2;behave
2;fan
2;poster
2;dog
2;gate
2;wrong
2;concept
2;comfortable
2;environment
2;schleswig-holstein
2;annalena
2;baerbock
2;sz
2;mr.
2;regard
2;strongly
2;solidarity
2;hartz
2;iv
2;environmental
2;foremost
2;compass
2;farmer
2;similar
2;drive
2;solely
2;sense
2;reveal
2;able
2;data
2;gray
2;mark
2;sexual
2;practice
2;competition
2;impact
2;welfare
2;progress
2;earner
2;consensus
2;contribute
2;convince
2;loud
2;provocation
2;scandalous
2;counting
2;glad
2;remains
2;presidency
2;vice-chancellor
2;following
2;d
2;kl√∂ckner
2;m√ºritz
2;sophie
2;search
2;rostock
2;morning
2;arrive
2;14-year-old
2;short
2;brutal
2;19-year-old
2;insist
2;remember
2;alcohol
2;common
2;investigative
2;sex
2;abuse
2;bottle
2;break
2;perpetrator
2;suffer
2;gang
2;things
2;mz
2;park
2;decade
2;prostitution
2;partly
2;ideology
2;territory
2;tv
2;evil
2;citizenship
2;chaker
2;expensive
2;honor
2;left-wing
2;east
2;43
2;abolish
2;percentage
2;counterpart
2;overview
2;response
2;turnout
2;actively
2;ballot
2;supervision
2;patience
2;persecution
2;fraction
2;given
2;covert
2;introduce
2;schreiber
2;fun
2;ok
2;exist
2;neuk√∂lln
2;criminologist
2;tailor-made
2;operational
2;nrw
2;herbert
2;reul
2;zero
2;tolerance
2;presence
2;sjors
2;kamstra
2;loot
2;increasingly
2;reach
2;care
2;illegally
2;acquire
2;b√∂hl
2;detective
2;infiltrate
2;career
2;improve
2;repatriation
2;importance
2;dramatic
2;loudly
2;foot
2;elementary
2;grounds
2;film
2;hands
2;defend
2;alliance
2;wdr
2;zeitung
2;extreme
2;corner
2;release
2;oliver
2;kirchner
2;verbal
2;internally
2;tactic
2;afraid
2;rumor
2;operate
2;intimidate
2;anonymous
2;acting
2;12
2;sigmar
2;gabriel
2;jusos
2;desire
2;master
2;capitan
2;bury
2;andr√©
2;takashi
2;ahead
2;guest
2;performance
2;schauerte
2;quite
2;haraguchi
2;raman
2;offensive
2;bouhaddouz
2;host
2;himmelmann
2;purely
2;factual
2;emotional
2;star
2;stir
2;reunification
2;repression
2;socialist
2;football
2;publicly
2;topic
2;fee-financed
2;payment
2;functioning
2;natural
2;vaterland
2;saarbr√ºcker
2;share
2;joschka
2;raisin
2;peck
2;uk
2;conclude
2;conventional
2;london
2;draft
2;theresa
2;britain
2;negative
2;relations
2;leonid
2;test
2;flight
2;insult
2;antimonopoly
2;sell
2;navy
2;sea
2;bosphorus
2;track
2;warship
2;straits
2;positive
2;precisely
2;‚úî
2;7
2;inhabitant
2;type
2;drone
2;rt
2;ground
2;mash
2;guard
2;ria
2;novosti
2;clip
2;speaker
2;vyacheslav
2;volodin
2;student
2;region
1 1/2;
1;33.98
1;ministerial
1;leaders
1;75.96
1;flash
1;analysis
1;sent
1;saturday
1;o'clock
1;worker
1;applause
1;poll
1;start-up
1;spiegel
1;tagesspiegel
1;cicero
1;change.org
1;fund
1;profit
1;funding
1;investitionsbank
1;fund.aar
1;kuz
1;mmq
1;reuters
1;77.86
1;hot
1;freeze
1;cold
1;aristotle
1;mpemba
1;effect
1;date
1;scientific
1;paradox
1;fully
1;researcher
1;161st
1;dying
1;touching
1;legend
1;farewell
1;n
1;incomprehensible
1;painful
1;outrageous
1;irresponsible
1;pragmatic
1;self-confidence
1;demoscopic
1;consideration
1;constant
1;repetition
1;bear
1;constantly
1;characterize
1;exploratory
1;hypothetically
1;circumstances
1;overnight
1;repressive
1;quarters
1;assistance
1;cards
1;notice
1;holder
1;passport
1;lack
1;older
1;pensioner
1;clientele
1;miner
1;retire
1;49
1;xenophobia
1;homeless
1;eat
1;teach
1;scoff
1;reproduce
1;original
1;sound
1;distinction
1;categorize
1;retiree
1;gender
1;poet
1;heinrich
1;fallersleben
1;stanza
1;bildplus
1;florenz
1;ansa
1;astoris
1;klub
1;15
1;duel
1;cap
1;afdler
1;burka
1;outrage
1;allies
1;classify
1;deportation
1;uphold
1;assad-loyal
1;mufti
1;ahmed
1;hassun
1;alex
1;bazaar
1;modern
1;shop
1;thousand
1;blue
1;veil
1;sitting
1;accuse
1;moderate
1;medical
1;denture
1;restriction
1;weaken
1;suffering
1;sana
1;hammudeh
1;sabbagh
1;educational
1;institution
1;agenda
1;rolf
1;m√ºtzenich
1;indignantly
1;consequence
1;upgrade
1;regime
1;k√∂lner
1;stadt-anzeiger
1;epilogue
1;brand
1;poison
1;dictator
1;scruples
1;smile
1;clique
1;dirt
1;pull
1;sun
1;liar
1;erdogan
1;hypocrite
1;travelogue
1;destruction
1;homs
1;devastate
1;normal
1;count.161
1;entering
1;sein.mehr
1;ticker
1;mourn
1;afd-near
1;e
1;afd-affiliated
1;des
1;boehringer
1;economic-liberal
1;appointment
1;budget
1;conflict
1;discourse
1;spirit
1;oppose
1;worrying
1;sustainable
1;felt
1;thinking
1;dialogue
1;figure
1;ideologically
1;consolidation
1;circa
1;1878-1929
1;naming
1;recognition
1;personality
1;hesse
1;zentrum
1;gegen
1;vertreibung
1;hessian
1;christean
1;wagner
1;fate
1;displace
1;bdv
1;74-year-old
1;wing
1;september
1;re-run
1;executive
1;tight
1;eagerly
1;await
1;republic
1;jamaican
1;fdp
1;burst
1;insistence
1;categorical
1;talks
1;71.6
1;60
1;coordinate
1;affect
1;34
1;intensive
1;internet
1;precede
1;corporation
1;reform
1;equivalent
1;austrian
1;hymn
1;o
1;awaken
1;guilty
1;abet
1;carry
1;sch.
1;satisfy
1;j√∂rn
1;hauschild
1;motion
1;charge
1;witness
1;73
1;attorney
1;determine
1;connection
1;magazine
1;supporting
1;july
1;richter
1;planner
1;burden
1;dish
1;rightly
1;hours
1;hearing
1;headline
1;mid-2016
1;lawsuit
1;az
1;3
1;bv
1;16.2040
1;independence
1;outward
1;slight
1;bias
1;winfried
1;bausback
1;hessen
1;june
1;judicial
1;observe
1;karlsruhe
1;litigant
1;offend
1;inevitable
1;compulsion
1;evidently
1;religious
1;ideological
1;belief
1;fundamental
1;single
1;remove
1;pronounce
1;current
1;applicant
1;traineeship
1;24-year-old
1;stipulation
1;spend
1;employer
1;circulation
1;basically
1;lawful
1;file
1;disadvantage
1;stigmatize
1;guido
1;intervene
1;criminally
1;'laptop
1;self-confident
1;attitude
1;grassroots
1;senator
1;nigerian-born
1;african-italian
1;tony
1;lord
1;fighting
1;brescia
1;limiting
1;unimpeded
1;directly
1;violence
1;bulwark
1;uncontrolled
1;ruling
1;elite
1;won
1;five-star
1;restructure
1;relaxation
1;pro-european
1;berlusconi
1;tenzi
1;overwhelm
1;autonomy
1;originally
1;implement
1;model
1;envision
1;native
1;dozens
1;gusau
1;catholic
1;migration
1;classified
1;afp
1;ks
1;horror
1;scenario
1;04.Ë˛Ì
1;million
1;watch
1;blind
1;eye
1;patriotic
1;platform
1;maintain
1;tie
1;identitarian
1;warning
1;discuss
1;evidence
1;criterion
1;apparent
1;ass
1;free-democratic
1;intelligence
1;hans-georg
1;maa√üen
1;allegedly
1;material
1;politically
1;sahra
1;wagenknecht
1;lerers
1;reputation
1;stern
1;crucial
1;essene
1;tafel
1;distribution
1;swinging
1;tackle
1;circular
1;deutschlandlied
1;hurt
1;fit
1;construction
1;allusion
1;promise
1;example
1;adopt
1;awakening
1;patriotism
1;trudeau
1;sign
1;equality
1;rose
1;m√∂hring
1;friendly
1;greeting
1;lively
1;chairwoman
1;interministerial
1;working
1;supreme
1;ima
1;baffled
1;h-s-v
1;matchdays
1;worst
1;ratio
1;5
1;beats
1;hanseaten
1;florian
1;inability
1;filip
1;land
1;spoil
1;director
1;todt
1;sky
1;bit
1;speechless
1;sven
1;absolutely
1;volksparkstadion
1;riot
1;pyro
1;platzsturm
1;tasteless
1;cannon
1;horse
1;squad
1;folder
1;stadium
1;fence
1;field
1;01.ÓÍÚ
1;ÙÂ‚.20
1;standing
1;climb
1;seats
1;b-rank
1;5.
1;latzta
1;dip
1;8th
1;walace
1;distance
1;clap
1;safely
1;van
1;drongelen
1;header
1;51
1;brosinski
1;free-kick
1;waldschmidt
1;heel
1;flies
1;square
1;monitor
1;abandon
1;furniture
1;store
1;telephone
1;chandelier
1;predecessor
1;48
1;mood
1;pocket
1;tangle
1;headphone
1;cable
1;sad
1;net
1;refrain
1;global
1;loom
1;lose
1;scale
1;admission
1;size
1;application
1;extra-parliamentary
1;redefine
1;main
1;priority
1;volatile
1;seventh
1;indent
1;13
1;invite
1;motto
1;non-green
1;manage
1;trust
1;se
1;taking
1;difficulty
1;fisherman
1;understandable
1;tear
1;morals
1;harsh
1;bank
1;concentrate
1;milieu
1;convenient
1;overwrite
1;making
1;ecological
1;production
1;shape
1;emission-free
1;industry
1;core
1;fundamentally
1;radically
1;formulate
1;lucky
1;digital
1;capitalism
1;relationship
1;privacy
1;amazon
1;bombard
1;buy
1;narrow
1;define
1;irritability
1;nervousness
1;algorithm
1;self-determination
1;kind
1;purchase
1;passing
1;fifty
1;shades
1;kindle
1;x
1;agriculture
1;95
1;employment
1;educator
1;nurse
1;wat
1;digitization
1;janitor
1;lawnmower
1;guarantee
1;professionally
1;levy
1;labor
1;tap
1;co‚ÇÇ
1;pesticide
1;accumulation
1;technique
1;funds
1;demarcation
1;recording
1;device
1;typist
1;steno
1;draw
1;slow
1;privilege
1;mini-company
1;transport
1;neo-feudalism
1;prince
1;translate
1;wealth
1;accumulate
1;uncontrollably
1;inequality
1;legislature
1;treat
1;gently
1;attainable
1;going
1;linguistic
1;culture
1;letting
1;unfair
1;careful
1;authoritarian
1;pied
1;piper
1;conditions
1;poland
1;hungary
1;politicize
1;inspire
1;liberal-progressive
1;spectrum
1;respond
1;steep
1;thesis
1;repeat
1;invalidate
1;weakening
1;insecurity
1;relieve
1;thanks
1;passionate
1;rational
1;govern
1;renew
1;decouple
1;outcome
1;suspicion
1;provisionally
1;names
1;cabinet
1;altmaier
1;economics
1;spahn
1;ursula
1;leyen
1;anja
1;karliczek
1;agrarian
1;helge
1;braun
1;desperate
1;yesterday
1;noon
1;direction
1;rostock-toitenwinkel
1;publication
1;sympathy
1;wizelife
1;dessau-ro√ülau
1;pass
1;joint
1;heavy
1;56-year-old
1;dessau
1;involvement
1;vehemently
1;verbally
1;contradiction
1;doubt
1;credibility
1;preside
1;siegrun
1;baumgarten
1;21-year-old
1;african
1;circle
1;willing
1;hall
1;brutality
1;disfigure
1;supplement
1;livelihood
1;collecting
1;returnable
1;degradingly
1;drag
1;steps
1;staircase
1;beer
1;cheekbone
1;abrasion
1;bruise
1;eritrean
1;particularly
1;dna
1;condom
1;near
1;minimize
1;stagger
1;secure
1;memory
1;gap
1;sultan
1;justify
1;tolerate
1;martyrdom
1;samiel
1;h.
1;mouth
1;eternal
1;crying
1;ralf
1;w
1;g√∂rlitzer
1;sub-saharan
1;selling
1;spectacular
1;openly
1;daylight
1;faz.net
1;blogger
1;dare
1;cell
1;sheriff
1;klaus
1;kandt
1;margarete
1;koppers
1;truth
1;gambling
1;robbery
1;import
1;levant
1;laissez-faire
1;residence
1;status
1;lebanon
1;palestinian
1;1980s
1;dance
1;elegantly
1;generously
1;receiver
1;ferrari
1;sonnenallee
1;tauentzia
1;rattle
1;shrug
1;perspective
1;exaggerate
1;mild
1;deterrent
1;stupid
1;folklore
1;series
1;block
1;existence
1;abou
1;helicopter
1;bushido
1;troubadour
1;mafia
1;frank
1;sinatra
1;momo
1;mastermind
1;poker
1;tournament
1;relatively
1;detention
1;kurf√ºrstendamm
1;loyal
1;mohamed
1;arefs
1;b.z.
1;editor-in-chief
1;bezzenberger
1;aref
1;rent
1;prostitute
1;thrive
1;oh
1;long-term
1;asylum-seeker
1;one-year
1;kick
1;subway
1;munichers
1;brutally
1;violently
1;55
1;funke
1;mediengruppe
1;difference
1;37
1;35
1;party-political
1;preference
1;evident
1;80
1;critically
1;one-sided
1;coverage
1;vor.gr√∂√üter
1;deutschlandradio
1;argument
1;pollster
1;select
1;23
1;overall
1;statistical
1;error
1;02.Ï‡È
1;beginning
1;live
1;blog
1;aim
1;effectively
1;tool
1;separation
1;rest
1;substantial
1;surveillance
1;pact
1;confiscation
1;lischka.tom
1;collect
1;numbers
1;north
1;rhine-westphalia
1;ready
1;largely
1;rainer
1;adolescent
1;deport
1;8-year-old
1;walk
1;arm
1;vw
1;playground
1;seat
1;door
1;bailiff
1;eight-year-old
1;execution
1;cling
1;strut
1;roof
1;incessantly
1;'d
1;kid
1;eight-year-olds
1;convey
1;inhumane
1;recognizable
1;restore
1;necessarily
1;reflect
1;publisher
1;author
1;pages.kandel
1;demonstration
1;livestreams
1;whatsapp
1;karim
1;funeral
1;demo
1;cottbus
1;wegschauer-republic
1;shit
1;rid
1;remark
1;nepotism
1;reproach
1;sebastian
1;pittelkow
1;katja
1;riedel
1;overthrow
1;andre
1;s√ºddeutsche
1;confidential
1;advise
1;saxon
1;pirna
1;turk
1;cumin
1;camel
1;dual
1;fatherless
1;27th
1;one-fifth
1;recommend
1;vow
1;silence
1;successor
1;previous
1;chance
1;ignite
1;parliament
1;combination
1;hanover
1;clerk
1;branch
1;dependency
1;evaluation
1;clarify
1;spokeswoman
1;escape
1;stronghold
1;prepare
1;senior
1;significant
1;elude
1;laws
1;regulation
1;revenge
1;provoke
1;discredit
1;gdp
1;popular
1;income
1;denigrate
1;annoying
1;presumption
1;innocence
1;rashly
1;slander
1;stressful
1;relevant
1;relative
1;method
1;psychologically
1;step
1;effective
1;remain
1;extensive
1;strict
1;coordination
1;tom
1;consistently
1;arabian
1;citywide
1;possibility
1;jobcenter
1;pensionsberlin
1;infiltration
1;immigrant
1;lebanese
1;iraqi
1;likelihood
1;sooner
1;rapid
1;reliability
1;require
1;resilient
1;tip
1;solo
1;effort
1;replacement
1;heiko
1;maas
1;katarina
1;barley
1;set
1;fall
1;20.Ï‡È
1;prefer
1;junior
1;n-tv.de
1;joining
1;45-member
1;closed-door
1;discus
1;congress
1;shepherd
1;grave
1;daily
1;11
1;punctually
1;reliable
1;16
1;lifeless
1;body
1;resident
1;regret
1;monument
1;story
1;funkel-elf
1;score
1;fourth
1;msv
1;duisburg
1;13.30
1;funkel
1;nominate
1;right-back
1;julian
1;zimmer
1;niko
1;starting
1;genki
1;overcome
1;kick-off
1;coach
1;sure
1;japanese
1;surprisingly
1;benito
1;belgian
1;quality
1;joker
1;reward
1;ninth
1;steer
1;hip
1;season
1;sandhausen
1;kaan
1;ayhan
1;25th
1;adam
1;bodzek
1;defensive
1;lot
1;pace
1;storm
1;christopher
1;avevor
1;fortune
1;richard
1;neudecker
1;injury
1;strange
1;raphael
1;wolf
1;hamburger
1;aziz
1;halftime
1;restart
1;56th
1;58th
1;rouwen
1;hennings
1;splendid
1;vorarbeit
1;robin
1;inch
1;racy
1;closing
1;bag
1;shortly
1;parry
1;fink
1;powerless
1;18-yard
1;strike
1;d√ºsseldorfer
1;deliver
1;gallery
1;gr√ºne
1;dealing
1;wrestle
1;cool
1;deniz
1;y√ºcel
1;turkey
1;competence
1;laptop
1;punish
1;properly
1;confrontation
1;katrin
1;g√∂ring-eckardt
1;accommodation
1;causing
1;legally
1;binding
1;saw
1;freitaler
1;suburb
1;czech
1;explode
1;windows
1;far-right
1;kameradschaft
1;execute
1;deeds
1;hate
1;preacher
1;extrapolation
1;71
1;culmination
1;polarize
1;collection
1;unnecessary
1;streaming
1;essential
1;attributable
1;pro
1;camp
1;announced.olaf
1;t-online.de
1;johannes
1;kahrs
1;hilde
1;mattheis
1;mobilize
1;relief
1;prominent
1;proponent
1;cooperation
1;thomas
1;strobl
1;stable
1;round
1;notary
1;helper
1;grandfather
1;staff
1;tension
1;teammate
1;investigator
1;likely
1;sensitivity
1;center-back
1;lombardy
1;academy
1;professional
1;rossoneri
1;debut
1;celebrate
1;calcio
1;14-time
1;condole
1;b
1;barely
1;exception
1;honorable
1;heimatland
1;reformulation
1;'m
1;wording
1;thursday
1;concise
1;conversation
1;rejection
1;differentiate
1;growing
1;plaque
1;exclude
1;beneficiary
1;average
1;h√∂cke
1;maier
1;rise
1;taste
1;reich
1;structural
1;concomitant
1;obviously
1;globally
1;drawbridge
1;aggressive
1;conquer
1;arrange
1;accordingly
1;mays
1;simple
1;unlike
1;directive
1;donald
1;tusk
1;intend
1;present
1;contradict
1;friday
1;friction
1;mutual
1;limited
1;customs
1;sector
1;integrity
1;kingdom
1;freely
1;medusa
1;testing
1;cruise
1;plant
1;assembly
1;screen
1;manege
1;unlimited
1;unpredictable
1;path
1;guy
1;words
1;moment
1;28
1;address
1;stockholm
1;arbitration
1;fulfill
1;groisman
1;fine
1;monopoly
1;86
1;billion
1;uah
1;double
1;forfeit
1;belonging
1;property
1;consortium
1;management
1;yuzhniigiprogaz
1;gaztranzit
1;auction
1;instruct
1;naftogaz
1;investigate
1;learn
1;study
1;denunciation
1;convention
1;adhere
1;legislation
1;pavel
1;political.
1;pavloklimkin
1;mene
1;okuponovy
1;—É–∫—Ä
1;zknd-va
1;vibors
1;zvichayno
1;polichnichna
1;9:33
1;federation
1;embassy
1;circus
1;analyst
1;campaigning
1;reunite
1;96
1;creation
1;unman
1;vehicle
1;capable
1;deep
1;intercontinental
1;multiple
1;submarine
1;torpedo
1;surface
1;ship
1;fantastic
1;low
1;noise
1;maneuverability
1;practically
1;invulnerable
1;resist
1;equip
1;strategic
1;conduct
1;xenia
1;occur
1;police.
1;xenia_sobchak
1;16:50
1;recall
1;using
1;obscene
1;ldpr
1;historical
1;plagiarism
1;unite
1;deceive
1;american
1;yanukovych
1;army
1;liberate
1;implementation
1;normalize
1;d'√©tat
1;word
1;washington
1;kiev
1;rude
1;differently
1;deign
1;tragedy
1;southeast
1;leningrad
1;music
1;superheroes
1;regardless
1;holiday
1;housewife
1;secretly
1;husband
1;dress
1;costume
1;save
1;earth
1;meteorite
1;trouble
1;presenter
1;pyotr
1;kuleshov
1;navalny
1;metro
1;dinamo
1;2ch
1;ussr
1;suddenly
1;dzutseva
1;apologize
1;harassment
1;correspondent
1;pool
1;bbc
1;farida
1;rustamova
1;safety
1;brain
1;graduate
1;imprison
1;marriage
1;petersburg
1;university
1;faculty
1;teacher
1;annexation
1;documentary
1;solovyov
1;quickly
1;resolutely
1;sergei
1;impregnable
1;fortress
;
